Year,Month,RedditVolume
2005,12,890
2006,1,2773
2006,2,6709
2006,3,9859
2006,4,14028
2006,5,19840
2006,6,20888
2006,7,26814
2006,8,36646
2006,9,36318
2006,10,38933
2006,11,43920
2006,12,45036
2007,1,58954
2007,2,68511
2007,3,79638
2007,4,87792
2007,5,115731
2007,6,118493
2007,7,137264
2007,8,151206
2007,9,173175
2007,10,184001
2007,11,215649
2007,12,255423
2008,1,315404
2008,2,305435
2008,3,318045
2008,4,315832
2008,5,364476
2008,6,387621
2008,7,390913
2008,8,397904
2008,9,459422
2008,10,535792
2008,11,526442
2008,12,556129
2009,1,694424
2009,2,646935
2009,3,724844
2009,4,756971
2009,5,841578
2009,6,905298
2009,7,1043350
2009,8,1226550
2009,9,1432640
2009,10,1703284
2009,11,1675051
2009,12,1933818
2010,1,2208177
2010,2,2055647
2010,3,2488279
2010,4,2474189
2010,5,2528043
2010,6,2750684
2010,7,3135946
2010,8,3323750
2010,9,3687938
2010,10,3958047
2010,11,4487711
2010,12,4701288
2011,1,5233789
2011,2,5053571
2011,3,5981508
2011,4,6000547
2011,5,7011750
2011,6,7796674
2011,7,8410244
2011,8,9872822
2011,9,9807845
2011,10,10873792
2011,11,11030336
2011,12,11693625
2012,1,13280356
2012,2,13040989
2012,3,14616637
2012,4,15638638
2012,5,16781357
2012,6,18042190
2012,7,19867357
2012,8,21321886
2012,9,19422889
2012,10,20616834
2012,11,20522064
2012,12,21672821
2013,1,25379198
2013,2,22812052
2013,3,25795316
2013,4,27964932
2013,5,27993920
2013,6,27668849
2013,7,29654767
2013,8,29612325
2013,9,27319188
2013,10,30850682
2013,11,32224562
2013,12,34365028
2014,1,36662127
2014,2,33496001
2014,3,36898402
2014,4,36959969
2014,5,37098351
2014,6,36697918
2014,7,41050203
2014,8,41474440
2014,9,40384156
2014,10,42933238
2014,11,41916856
2014,12,44660198
2015,1,49931224
2015,2,45503538
2015,3,50844591
2015,4,51022160
2015,5,51040439
2015,6,50352311
2015,7,54753687
2015,8,54492274
2015,9,52016000
2015,10,55579666
2015,11,53193034
2015,12,54689476
2016,1,57788058
2016,2,54817780
2016,3,59333000
2016,4,59712741
2016,5,60522633
2016,6,60848495
2016,7,61967823
2016,8,64921026
2016,9,62524519
2016,10,66724556
2016,11,65783287
2016,12,67779052
2017,1,73176902
2017,2,65356087
2017,3,73927743
2017,4,71931989
2017,5,74139319
2017,6,74070103
2017,7,76262713
2017,8,78793968
2017,9,77508732
2017,10,79704464
2017,11,78606264
2017,12,80056562
2018,1,85004274
2018,2,81146624
2018,3,88810136
2018,4,91149659
2018,5,93956873
2018,6,92422795
2018,7,99545745
2018,8,99358223
2018,9,97098418
2018,10,104410023
2018,11,102237113
2018,12,108007211
2019,1,118850820
2019,2,110444250
2019,3,124521097
2019,4,121028236
2019,5,124457359
2019,6,121651947
2019,7,132004397
2019,8,132863084
2019,9,124887609
2019,10,131567093
2019,11,125136712
2019,12,131786196
